date,Africa,Americas,Eastern_Mediterranean,Europe,Other,South_East_Asia,Western_Pacific,new_cases,day_average
03-Jan-20,0,0,0,0,0,0,0,0,0
04-Jan-20,0,0,0,0,0,0,1,1,0
05-Jan-20,0,0,0,0,0,0,0,0,0
06-Jan-20,0,0,0,0,0,0,3,3,0
07-Jan-20,0,0,0,0,0,0,0,0,0
08-Jan-20,0,0,0,0,0,0,0,0,0
09-Jan-20,0,0,0,0,0,0,0,0,0.571428571
10-Jan-20,0,0,0,0,0,0,0,0,0.571428571
11-Jan-20,0,0,0,0,0,0,0,0,0.428571429
12-Jan-20,0,0,0,0,0,0,41,41,6.285714286
13-Jan-20,0,0,0,0,0,1,0,1,6
14-Jan-20,0,0,0,0,0,4,1,5,6.714285714
15-Jan-20,0,0,0,0,0,0,0,0,6.714285714
16-Jan-20,0,0,0,0,0,0,0,0,6.714285714
17-Jan-20,0,0,0,0,0,-3,4,1,6.857142857
18-Jan-20,0,0,0,0,0,4,0,4,7.428571429
19-Jan-20,0,0,0,0,0,0,81,81,13.14285714
20-Jan-20,0,5,0,0,0,0,77,82,24.71428571
21-Jan-20,0,0,0,0,0,0,93,93,37.28571429
22-Jan-20,0,0,0,0,0,1,143,144,57.85714286
23-Jan-20,0,0,0,0,0,-2,132,130,76.42857143
24-Jan-20,0,31,0,3,0,8,269,311,120.7142857
25-Jan-20,0,1,0,0,0,0,469,470,187.2857143
26-Jan-20,0,6,0,0,0,-3,691,694,274.8571429
27-Jan-20,0,4,0,0,0,12,783,799,377.2857143
28-Jan-20,0,4,0,1,0,-2,1770,1773,617.2857143
29-Jan-20,0,1,8,7,0,8,1469,1493,810
30-Jan-20,0,1,0,1,0,1,1751,1754,1042
31-Jan-20,0,2,0,6,0,9,1999,2016,1285.571429
01-Feb-20,0,2,1,4,0,-4,2109,2112,1520.142857
02-Feb-20,0,4,0,3,0,1,2601,2609,1793.714286
03-Feb-20,0,3,0,1,0,1,2834,2839,2085.142857
04-Feb-20,0,1,0,3,0,10,3235,3249,2296
05-Feb-20,0,8,0,0,14,-4,3911,3929,2644
06-Feb-20,0,1,0,0,10,4,3710,3725,2925.571429
07-Feb-20,0,3,0,2,41,0,3158,3204,3095.285714
08-Feb-20,0,0,2,6,3,3,3392,3406,3280.142857
09-Feb-20,0,1,0,0,6,-3,2664,2668,3288.571429
10-Feb-20,0,1,1,4,65,0,2990,3061,3320.285714
11-Feb-20,0,2,0,2,0,4,2477,2485,3211.142857
12-Feb-20,0,1,0,2,39,4,2027,2073,2946
13-Feb-20,0,2,0,1,44,0,15155,15202,4585.571429
14-Feb-20,0,1,5,3,0,0,4065,4074,4709.857143
15-Feb-20,0,2,0,0,67,-3,2660,2726,4612.714286
16-Feb-20,0,3,1,0,70,4,2030,2108,4532.714286
17-Feb-20,0,3,0,1,99,-3,2060,2160,4404
18-Feb-20,0,0,0,0,88,4,1904,1996,4334.142857
19-Feb-20,0,6,6,0,79,0,1796,1887,4307.571429
20-Feb-20,0,0,3,0,0,0,417,420,2195.857143
21-Feb-20,0,1,20,1,13,0,987,1022,1759.857143
22-Feb-20,0,3,12,14,0,0,1034,1063,1522.285714
23-Feb-20,0,9,15,64,57,0,890,1035,1369
24-Feb-20,0,3,32,56,0,0,439,530,1136.142857
25-Feb-20,5,1,66,100,0,-2,660,830,969.5714286
26-Feb-20,0,10,72,108,4,3,674,871,824.4285714
27-Feb-20,0,5,48,106,0,4,913,1076,918.1428571
28-Feb-20,5,13,256,334,0,-3,786,1391,970.8571429
29-Feb-20,0,16,20,327,0,1,1364,1728,1065.857143
01-Mar-20,0,14,217,414,1,4,1187,1837,1180.428571
02-Mar-20,7,44,40,690,0,-3,915,1693,1346.571429
03-Mar-20,2,41,939,571,0,12,748,2313,1558.428571
04-Mar-20,6,42,1430,764,0,19,666,2927,1852.142857
05-Mar-20,9,52,617,1088,0,1,641,2408,2042.428571
06-Mar-20,10,70,1279,1516,0,6,720,3601,2358.142857
07-Mar-20,7,116,1114,1868,0,11,697,3813,2656
08-Mar-20,1,117,822,2207,0,10,489,3646,2914.428571
09-Mar-20,4,113,640,2684,0,7,366,3814,3217.428571
10-Mar-20,4,227,952,3514,0,20,233,4950,3594.142857
11-Mar-20,11,345,1090,3373,0,23,363,5205,3919.571429
12-Mar-20,22,436,1129,5952,0,36,283,7858,4698.142857
13-Mar-20,11,528,1313,7419,1,21,238,9531,5545.285714
14-Mar-20,78,715,1817,8019,0,37,317,10983,6569.571429
15-Mar-20,45,623,1417,9744,15,110,330,12284,7803.571429
16-Mar-20,52,797,1177,9160,0,68,438,11692,8929
17-Mar-20,50,1818,1545,12144,0,106,339,16002,10507.85714
18-Mar-20,95,1588,1464,13070,0,118,479,16814,12166.28571
19-Mar-20,160,3781,1247,15937,0,183,655,21963,14181.28571
20-Mar-20,76,4682,1546,23187,-4,173,513,30173,17130.14286
21-Mar-20,111,5817,1225,24041,0,244,707,32145,20153.28571
22-Mar-20,64,3771,1558,24364,0,339,747,30843,22804.57143
23-Mar-20,176,7011,1819,22345,0,279,853,32483,25774.71429
24-Mar-20,304,10814,2385,27050,0,309,989,41851,29467.42857
25-Mar-20,351,12636,2838,28028,0,304,1135,45292,33535.71429
26-Mar-20,281,14278,2836,33499,0,264,920,52078,37837.85714
27-Mar-20,482,14718,3540,38425,0,329,1331,58825,41931
28-Mar-20,412,19418,3594,40768,0,406,1161,65759,46733
29-Mar-20,205,20938,3711,41490,0,353,1445,68142,52061.42857
30-Mar-20,484,21386,3838,31178,0,367,1278,58531,55782.57143
31-Mar-20,282,21087,4027,31691,0,430,967,58484,58158.71429
01-Apr-20,313,25573,3740,41772,0,681,1557,73636,62207.85714
02-Apr-20,621,26894,3868,39166,0,555,1372,72476,65121.85714
03-Apr-20,560,31620,3820,37679,0,647,1132,75458,67498
04-Apr-20,689,29947,3446,41061,0,817,1447,77407,69162
05-Apr-20,423,39196,1685,38510,0,780,1019,81613,71086.42857
06-Apr-20,231,33966,4054,29381,0,1007,1126,69765,72691.28571
07-Apr-20,443,30668,4218,31145,0,685,1120,68279,74090.57143
08-Apr-20,555,46268,3428,34900,0,1242,1027,87420,76059.71429
09-Apr-20,690,27557,3357,39191,0,1097,1182,73074,76145.14286
10-Apr-20,450,39311,3308,40419,0,916,1397,85801,77622.71429
11-Apr-20,553,39312,3568,39563,0,1477,1301,85774,78818
12-Apr-20,388,40252,3719,35064,0,1496,1569,82488,78943
13-Apr-20,531,37535,3768,29032,0,1340,1308,73514,79478.57143
14-Apr-20,527,32909,3925,27122,0,1769,1379,67631,79386
15-Apr-20,580,28497,3751,33725,0,1652,1399,69604,76840.85714
16-Apr-20,477,33753,4043,32732,0,1719,1367,74091,76986.14286
17-Apr-20,517,34947,4392,36757,0,1713,1699,80025,76161
18-Apr-20,744,37130,4859,33681,0,1690,1987,80091,75349.14286
19-Apr-20,788,37544,4008,34624,0,2047,1855,80866,75117.42857
20-Apr-20,868,37478,4742,27272,0,2297,1326,73983,75184.42857
21-Apr-20,795,31991,5037,28808,0,2234,2069,70934,75656.28571
22-Apr-20,560,35995,4879,31776,0,2081,1761,77052,76720.28571
23-Apr-20,714,34431,5101,30256,0,2232,1635,74369,76760
24-Apr-20,1404,35507,4845,32194,0,2714,1879,78543,76548.28571
25-Apr-20,1263,58482,5676,31158,0,2266,1688,100533,79468.57143
26-Apr-20,819,39237,5615,28504,0,2793,1169,78137,79078.71429
27-Apr-20,1154,46887,5347,23124,0,2206,1482,80200,79966.85714
28-Apr-20,767,37656,5305,23410,0,2612,1264,71014,79978.28571
29-Apr-20,1017,35210,5690,23505,0,2856,1064,69342,78876.85714
30-Apr-20,1460,36680,5489,28296,0,2806,1294,76025,79113.42857
01-May-20,1950,40647,6168,28308,0,3094,1095,81262,79501.85714
02-May-20,1310,48084,6406,27081,0,3219,1565,87665,77663.57143
03-May-20,1463,47466,5618,26006,0,3700,1041,85294,78686
04-May-20,1098,46019,5690,23762,0,3701,1328,81598,78885.71429
05-May-20,2036,43586,7077,21325,0,5237,1096,80357,80220.42857
06-May-20,1403,32570,7854,26083,0,4194,1016,73120,80760.14286
07-May-20,1497,36104,7968,29974,0,4667,1300,81510,81543.71429
08-May-20,2247,44774,8125,26466,0,4581,1263,87456,82428.57143
09-May-20,2827,50706,8699,26278,0,4553,1076,94139,83353.42857
10-May-20,2082,43850,9706,24599,0,4620,1139,85996,83453.71429
11-May-20,1907,48117,9436,21277,0,5557,1248,87542,84302.85714
12-May-20,2296,38495,8863,20487,0,5212,927,76280,83720.42857
13-May-20,2600,32160,10243,24797,0,5483,1364,76647,84224.28571
14-May-20,2323,41970,9535,22552,0,5381,1081,82842,84414.57143
15-May-20,2438,44444,11384,23848,0,5733,1268,89115,84651.57143
16-May-20,2271,53649,10479,21079,0,5527,1171,94176,84656.85714
17-May-20,2202,50712,10900,22060,0,6805,823,93502,85729.14286
18-May-20,2500,60309,11992,18678,0,7450,971,101900,87780.28571
19-May-20,2358,33229,11845,19048,0,6813,663,73956,87448.28571
20-May-20,2435,50956,11497,19280,0,7997,777,92942,89776.14286
21-May-20,2391,56657,14477,22224,0,8448,955,105152,92963.28571
22-May-20,3405,57272,13199,19768,0,8546,838,103028,94950.85714
23-May-20,2504,56135,13423,19449,29,9612,919,102071,96078.71429
24-May-20,3039,59543,12885,18921,0,8954,925,104267,97616.57143
25-May-20,2707,59208,12026,17789,0,9579,927,102236,97664.57143
26-May-20,3042,47956,11068,17338,0,8392,878,88674,99767.14286
27-May-20,2771,51150,10690,17255,0,8907,1007,91780,99601.14286
28-May-20,3777,51964,12251,18586,0,9569,1056,97203,98465.57143
29-May-20,3337,60305,13580,19311,0,10913,1042,108488,99245.57143
30-May-20,3973,66261,14503,19170,0,10650,1944,116501,101307
31-May-20,3708,63132,15076,18271,0,11852,1219,113258,102591.4286
01-Jun-20,3632,79398,15140,16849,0,11599,1533,128151,106293.5714
02-Jun-20,3879,64414,16006,15722,0,12092,1107,113220,109800.1429
03-Jun-20,3365,41538,16344,16963,0,12566,1052,91828,109807
04-Jun-20,4153,73606,17526,18649,0,12735,1496,128165,114230.1429
05-Jun-20,5465,62378,17078,18617,0,13678,1540,118756,115697
06-Jun-20,5457,71432,17906,18547,0,13875,637,127854,117318.8571
07-Jun-20,4763,80098,18652,17960,0,13643,1206,136322,120613.7143
08-Jun-20,4088,75983,17751,18595,0,13922,1038,131377,121074.5714
09-Jun-20,5086,54542,17171,16648,0,14557,1057,109061,120480.4286
10-Jun-20,4789,49289,18749,17383,0,14733,846,105789,122474.8571
11-Jun-20,4795,70865,19472,18485,0,14446,1292,129355,122644.8571
12-Jun-20,5680,76334,19912,19313,0,16021,1014,138274,125433.1429
13-Jun-20,5492,78833,20885,18518,0,15624,1229,140581,127251.2857
14-Jun-20,6312,73289,20905,19418,0,16380,1150,137454,127413
15-Jun-20,7937,69133,19669,17788,0,16117,1133,131777,127470.1429
16-Jun-20,6400,59161,18552,17742,0,16054,924,118833,128866.1429
17-Jun-20,5722,59336,20685,18056,0,16634,667,121100,131053.4286
18-Jun-20,6914,117347,20042,19764,0,18733,875,183675,138813.4286
19-Jun-20,6639,78394,19157,19311,0,18340,1027,142868,139469.7143
20-Jun-20,7357,77153,21773,19134,0,19352,1000,145769,140210.8571
21-Jun-20,8464,112303,18966,19415,0,20248,1371,180767,146398.4286
22-Jun-20,7664,91209,17233,17654,0,19809,1051,154620,149661.7143
23-Jun-20,7552,67999,18512,17822,0,20003,1031,132919,151674
24-Jun-20,7333,68985,17676,18761,0,21206,1430,135391,153715.5714
25-Jun-20,9010,98011,18824,20530,0,22507,840,169722,151722.2857
26-Jun-20,10194,107556,17877,20232,0,23011,1102,179972,157022.8571
27-Jun-20,9350,106165,18747,19799,0,24041,1453,179555,161849.4286
28-Jun-20,10713,117959,17996,19135,0,25406,1265,192474,163521.8571
29-Jun-20,9532,108663,17559,17422,0,25056,1069,179301,167047.7143
30-Jun-20,8943,93493,16493,27051,0,23845,1465,171290,172529.2857
01-Jul-20,9504,83302,19337,18839,0,24329,1581,156892,175600.8571
02-Jul-20,11638,101253,18948,19980,0,25301,1558,178678,176880.2857
03-Jul-20,11364,129585,18973,19787,0,26075,837,206621,180687.2857
04-Jul-20,12619,132049,19129,19095,0,27780,2251,212923,185454.1429
05-Jul-20,14251,126879,18513,19358,0,29530,2121,210652,188051
06-Jul-20,13262,116576,17551,17162,0,28870,2969,196390,190492.2857
07-Jul-20,12635,94005,16903,17925,0,26765,2708,170941,190442.4286
08-Jul-20,15379,94296,17017,19679,0,28381,2105,176857,193294.5714
09-Jul-20,12802,124021,17451,20866,0,31109,3083,209332,197673.7143
10-Jul-20,17307,140888,16661,20979,0,31555,2107,229497,200941.7143
11-Jul-20,15361,133620,17075,20951,0,31663,2147,220817,202069.4286
12-Jul-20,17884,145801,15459,21320,0,33243,2146,235853,205669.5714
13-Jul-20,16279,128315,15338,19212,0,33294,3041,215479,208396.5714
14-Jul-20,15085,110509,15606,19551,0,33434,1614,195799,211947.7143
15-Jul-20,13464,105649,14790,21527,0,34644,1571,191645,214060.2857
16-Jul-20,17279,132232,14810,23140,0,37258,2382,227101,216598.7143
17-Jul-20,19719,141555,15090,22729,0,39581,3603,242277,218424.4286
18-Jul-20,18344,152688,13812,21682,0,39434,3345,249305,222494.1429
19-Jul-20,17625,146547,13726,21488,0,43218,3338,245942,223935.4286
20-Jul-20,18132,130617,12773,20231,0,45273,3414,230440,226072.7143
21-Jul-20,13962,115707,13250,20740,0,42062,2619,208340,227864.2857
22-Jul-20,12666,110613,13915,22553,0,42539,3489,205775,229882.8571
23-Jul-20,18535,138681,14628,24261,0,50655,3156,249916,233142.1429
24-Jul-20,16962,173695,13270,23888,0,53831,4046,285692,239344.2857
25-Jul-20,20614,169688,14018,22915,0,53502,3748,284485,244370
26-Jul-20,16245,166358,13605,22906,0,52633,3703,275450,248585.4286
27-Jul-20,16713,147462,12486,21269,0,54465,3839,256234,252270.2857
28-Jul-20,13185,115358,12392,21868,0,52866,3862,219531,253869
29-Jul-20,12239,111440,13127,30663,0,54179,3665,225313,256660.1429
30-Jul-20,16046,139010,13222,32410,0,57160,3781,261629,258333.4286
31-Jul-20,16031,170229,12618,31792,0,60195,6575,297440,260011.7143
01-Aug-20,18027,167367,12175,35137,0,61350,6719,300775,262338.8571
02-Aug-20,14344,161262,9616,31565,0,57615,6695,281097,263145.5714
03-Aug-20,13204,145693,9372,30208,0,56564,8153,263194,264139.8571
04-Aug-20,9276,115398,10314,30322,0,56312,5218,226840,265184
05-Aug-20,8875,95228,11072,33596,0,57521,8336,214628,263657.5714
06-Aug-20,13906,141612,12271,36207,0,61592,6422,272010,265140.5714
07-Aug-20,12454,152910,12364,34962,0,68432,5967,287089,263661.8571
08-Aug-20,11994,154833,12630,34140,0,66937,5836,286370,261604
09-Aug-20,12489,154892,11702,34593,0,69311,6209,289196,262761
10-Aug-20,10706,143656,10821,30548,0,67112,5097,267940,263439
11-Aug-20,7553,105603,11675,32427,0,59024,8264,224546,263111.2857
12-Aug-20,6325,101992,12724,35766,0,66544,4623,227974,265017.8571
13-Aug-20,7070,154007,13273,39448,0,72384,5891,292073,267884
14-Aug-20,8653,157880,13309,36907,0,70327,5618,292694,268684.7143
15-Aug-20,10765,161959,13500,36503,0,70577,8289,301593,270859.4286
16-Aug-20,9152,148593,13769,39731,0,68352,6283,285880,270385.7143
17-Aug-20,7874,140393,12916,33585,0,63110,4924,262802,269651.7143
18-Aug-20,6967,105542,11887,33963,0,61154,5055,224568,269654.8571
19-Aug-20,6297,89760,14080,38503,0,70014,6329,224983,269227.5714
20-Aug-20,9199,132058,13909,43219,0,75666,6225,280276,267542.2857
21-Aug-20,8589,140512,13170,40617,0,74561,6391,283840,266277.4286
22-Aug-20,7626,137204,13469,39953,0,75013,6151,279416,263109.2857
23-Aug-20,8613,118542,12758,43976,0,74207,6621,264717,260086
24-Aug-20,7501,138030,11853,38286,0,66673,3818,266161,260565.8571
25-Aug-20,6115,95861,12290,37969,0,66980,5835,225050,260634.7143
26-Aug-20,5367,91454,12950,41896,0,73176,4252,229095,261222.1429
27-Aug-20,6739,127699,12853,48149,0,82160,6953,284553,261833.1429
28-Aug-20,3686,135639,12728,44349,0,83600,4882,284884,261982.2857
29-Aug-20,8631,137177,12881,42082,0,83028,5508,289307,263395.2857
30-Aug-20,6095,133973,12117,49418,0,84914,5019,291536,267226.5714
31-Aug-20,6411,126910,11811,42530,0,84611,5395,277668,268870.4286
01-Sep-20,5196,86276,12148,41318,0,76001,4420,225359,268914.5714
02-Sep-20,5342,115107,11913,47122,0,85364,4550,269398,274672.1429
03-Sep-20,5444,128716,13309,53353,0,91107,3215,295144,276185.1429
04-Sep-20,5952,131518,14587,49334,0,90062,3196,294649,277580.1429
05-Sep-20,5804,132868,15354,46991,0,92809,4688,298514,278895.4286
06-Sep-20,4490,145220,13979,57888,0,96922,3417,321916,283235.4286
07-Sep-20,5052,103550,14587,50979,0,96995,3558,274721,282814.4286
08-Sep-20,3945,83432,13851,49985,0,81888,2068,235169,284215.8571
09-Sep-20,4582,64650,15978,55585,0,96219,4243,241257,280195.7143
10-Sep-20,4887,82638,15156,62401,0,103021,4084,272187,276916.1429
11-Sep-20,5301,112830,16100,57386,0,103904,5004,300525,277755.5714
12-Sep-20,4761,120109,14829,55272,0,104285,5172,304428,278600.4286
13-Sep-20,4641,131761,15266,65735,0,101028,5990,324421,278958.2857
14-Sep-20,3320,117499,15672,57804,0,98558,4085,296938,282132.1429
15-Sep-20,3632,83910,15078,58987,0,90702,5308,257617,285339
16-Sep-20,3891,82641,16611,64709,0,97686,4342,269880,289428
17-Sep-20,4318,110310,16769,73698,0,104704,4483,314282,295441.5714
18-Sep-20,4753,121203,17477,68070,0,104373,4153,320029,298227.8571
19-Sep-20,4809,119978,16480,63194,0,100685,4197,309343,298930
20-Sep-20,4353,132047,16386,76173,0,100192,4756,333907,300285.1429
21-Sep-20,4243,113860,16674,63199,0,94596,3993,296565,300231.8571
22-Sep-20,3182,83407,14758,66655,0,82800,3994,254796,299828.8571
23-Sep-20,4073,85252,19062,70735,0,91420,2244,272786,300244
24-Sep-20,4317,121031,18989,80948,0,94913,3559,323757,301597.5714
25-Sep-20,4113,116275,18945,75800,0,94349,2860,312342,300499.4286
26-Sep-20,4099,121769,17625,71999,0,92812,3518,311822,300853.5714
27-Sep-20,2918,126027,18172,77755,0,96268,2822,323962,299432.8571
28-Sep-20,3470,111823,16880,65742,0,89272,3699,290886,298621.5714
29-Sep-20,3340,83595,17100,71608,0,78552,3664,257859,299059.1429
30-Sep-20,3775,84764,18732,84827,0,88654,3009,283761,300627
01-Oct-20,4342,109829,19735,94386,0,95432,3353,327077,301101.2857
02-Oct-20,4054,119774,19150,91598,0,90986,3507,329069,303490.8571
03-Oct-20,4322,123701,17073,83674,0,88009,3793,320572,304740.8571
04-Oct-20,3777,124581,19447,102442,0,84266,3726,338239,306780.4286
05-Oct-20,4510,109343,18065,87887,0,83391,3986,307182,309108.4286
06-Oct-20,2832,76107,19750,101401,0,70164,3453,273707,311372.4286
07-Oct-20,2566,88433,19714,112649,0,83059,3495,309916,315108.8571
08-Oct-20,3066,125195,21357,126729,0,90701,4087,371135,321402.8571
09-Oct-20,6386,129431,19519,121636,0,79048,3430,359450,325743
10-Oct-20,4174,151421,21034,120373,0,85400,4285,386687,335188
11-Oct-20,4763,131884,18569,139541,0,84467,3394,382618,341527.8571
12-Oct-20,4089,115702,16977,119468,0,77574,3594,337404,345845.2857
13-Oct-20,5280,94584,18859,129247,0,65931,5116,319017,352318.1429
14-Oct-20,3595,87030,20555,152345,0,73292,3269,340086,356628.1429
15-Oct-20,4521,99269,21668,168097,0,78496,3612,375663,357275
16-Oct-20,4794,124138,21489,163522,0,74772,3687,392402,361982.4286
17-Oct-20,4630,136142,24638,159392,0,72181,4766,401749,364134.1429
18-Oct-20,4564,143753,18858,190638,0,71690,4281,433784,371443.5714
19-Oct-20,4432,117495,21113,168231,0,65788,3786,380845,377649.4286
20-Oct-20,4040,93086,20075,182354,0,56282,4878,360715,383606.2857
21-Oct-20,3935,111219,21229,223536,0,67168,3184,430271,396489.8571
22-Oct-20,4712,132199,24082,251267,0,67110,3622,482992,411822.5714
23-Oct-20,5318,134887,25667,232979,0,67043,3436,469330,422812.2857
24-Oct-20,5144,146534,24908,223551,0,62518,4224,466879,432116.5714
25-Oct-20,4542,159709,24086,268322,0,59892,4138,520689,444531.5714
26-Oct-20,4226,147779,22794,226797,0,53111,3812,458519,455627.8571
27-Oct-20,2774,109244,22463,237827,0,43816,4147,420271,464135.8571
28-Oct-20,4685,121710,27045,287609,0,53210,3209,497468,473735.4286
29-Oct-20,5041,146988,26059,295603,0,59513,4611,537815,481567.2857
30-Oct-20,5856,155769,31201,277167,0,58669,3410,532072,490530.4286
31-Oct-20,5382,162266,27086,265713,0,56594,3842,520883,498245.2857
01-Nov-20,4979,165743,24517,308399,0,55705,3444,562787,504259.2857
02-Nov-20,4020,146622,26080,249738,0,53536,4164,484160,507922.2857
03-Nov-20,3693,180094,28770,249248,0,47738,5146,514689,521410.5714
04-Nov-20,3545,133718,30953,291120,0,56110,4036,519482,524555.4286
05-Nov-20,5327,147064,32856,313324,0,60764,3539,562874,528135.2857
06-Nov-20,6394,171800,31290,291539,0,57236,4327,562586,532494.4286
07-Nov-20,6645,186651,33412,283616,0,60493,5440,576257,540405
08-Nov-20,4063,161695,30711,302687,0,55458,4721,559335,539911.8571
09-Nov-20,4621,189552,30524,250532,0,54421,4602,534252,547067.8571
10-Nov-20,6338,147430,30949,213569,0,47345,5000,450631,537916.7143
11-Nov-20,5399,169133,35146,289736,0,54286,4015,557715,543378.5714
12-Nov-20,5872,208032,36177,290852,0,57452,4735,603120,549128
13-Nov-20,6835,243714,37144,286204,0,55855,4452,634204,559359.1429
14-Nov-20,6782,235829,35107,276622,0,55008,5417,614765,564860.2857
15-Nov-20,5143,251142,33445,278352,0,50432,4729,623243,573990
16-Nov-20,6019,236843,32915,226358,0,39033,4645,545813,575641.5714
17-Nov-20,4758,184314,32959,226797,0,37298,4794,490920,581397.1429
18-Nov-20,6812,203280,37527,252601,0,48363,4473,553056,580731.5714
19-Nov-20,7051,233197,41011,272682,0,56948,4941,615830,582547.2857
20-Nov-20,8220,239101,36775,273469,0,56991,5667,620223,580550
21-Nov-20,7419,261755,36663,262494,0,56816,5675,630822,582843.8571
22-Nov-20,6827,276241,33244,256603,0,55174,5818,633907,584367.2857
23-Nov-20,6291,244340,35431,203201,0,54795,5744,549802,584937.1429
24-Nov-20,5267,202293,31850,201528,0,47963,6111,495012,585521.7143
25-Nov-20,6507,215502,35896,248898,0,56295,5623,568721,587759.5714
26-Nov-20,7601,246012,37656,253233,0,55252,5083,604837,586189.1429
27-Nov-20,7178,281783,37831,269701,0,55064,5381,656938,591434.1429
28-Nov-20,8765,231055,37822,260808,0,51968,6198,596616,586547.5714
29-Nov-20,6874,258894,32829,249579,0,53019,6405,607600,582789.4286
30-Nov-20,5544,240011,34572,202621,0,49438,6157,538343,581152.4286
01-Dec-20,6337,197300,32959,200461,0,41642,5826,484525,579654.2857
02-Dec-20,5965,219223,35657,232339,0,48222,5318,546724,576511.8571
03-Dec-20,8089,281131,35878,259264,0,49668,5631,639661,581486.7143
04-Dec-20,8805,303366,37891,263637,0,47915,5520,667134,582943.2857
05-Dec-20,9513,319941,34050,258127,0,47803,5498,674932,594131.2857
06-Dec-20,8790,319449,31556,254187,0,47093,6084,667159,602639.7143
07-Dec-20,8601,296482,31208,204217,3,43798,5864,590173,610044
08-Dec-20,8237,238089,28681,203313,0,37573,5796,521689,615353.1429
09-Dec-20,7341,248370,29830,242609,0,43410,5381,576941,619669.8571
10-Dec-20,13683,317887,30569,260210,0,42649,5983,670981,624144.1429
11-Dec-20,12672,314728,29987,273455,0,40749,7568,679159,625862
12-Dec-20,12659,311291,27524,265603,0,40794,7291,665162,624466.2857
13-Dec-20,11284,352842,24286,261093,0,40673,7400,697578,628811.8571
14-Dec-20,15886,306202,24563,216474,0,37035,5529,605689,631028.4286
15-Dec-20,8259,241086,21991,217397,0,32833,6046,527612,631874.5714
16-Dec-20,12095,264724,25872,271241,0,37272,6435,617639,637688.5714
17-Dec-20,13255,291067,27667,288395,0,35194,6757,662335,636453.4286
18-Dec-20,15629,364316,26229,288097,0,33567,7142,734980,644427.8571
19-Dec-20,13923,369255,25411,270536,0,36679,7948,723752,652797.8571
20-Dec-20,15606,346953,22869,259260,0,37528,6793,689009,651573.7143
21-Dec-20,13044,302796,23005,206462,0,35125,6838,587270,648942.4286
22-Dec-20,13074,257443,20148,222293,0,29683,7076,549717,652100.2857
23-Dec-20,13875,252405,23177,263608,0,35183,7172,595420,648926.1429
24-Dec-20,18220,308511,24554,277359,1,35403,6740,670788,650133.7143
25-Dec-20,19666,338630,24820,258249,0,33695,8679,683739,642813.5714
26-Dec-20,20671,312907,23197,198322,0,32617,7937,595651,624513.4286
27-Dec-20,15980,198787,20072,166801,0,28238,8628,438506,588727.2857
28-Dec-20,12782,238678,20178,184958,0,28852,5962,491410,575033
29-Dec-20,13260,207084,20247,219355,0,27502,6590,494038,567078.8571
30-Dec-20,14163,241623,22384,261525,0,31839,7589,579123,564750.7143
31-Dec-20,24035,326076,24947,316341,0,33159,7800,732358,573546.4286
01-Jan-21,24436,355390,24740,307328,0,30848,9448,752190,583325.1429
02-Jan-21,0,355958,22879,218859,0,28730,8413,634839,588923.4286
03-Jan-21,41331,247903,20665,187114,0,27796,7177,531986,602277.7143
04-Jan-21,16932,335238,22591,216000,0,26417,6708,623886,621202.8571
05-Jan-21,17880,263232,20639,237524,0,27033,7762,574070,632636
06-Jan-21,20679,252755,23805,307364,0,29870,8405,642878,641743.8571
07-Jan-21,30698,356571,25362,326432,0,32550,10837,782450,648899.8571
08-Jan-21,28631,387637,27297,276124,0,31592,12170,763451,650508.5714
09-Jan-21,30961,442575,26694,266092,0,30699,13144,810165,675555.1429
10-Jan-21,28863,442885,26347,265029,0,31002,12891,807017,714845.2857
11-Jan-21,27104,376556,24207,217288,0,27802,10985,683942,723424.7143
12-Jan-21,25493,306835,23561,203417,0,25270,10554,595130,726433.2857
13-Jan-21,21662,285190,26005,267017,0,30016,10807,640697,726121.7143
14-Jan-21,27243,357215,27966,283232,0,31314,10629,737599,719714.4286
15-Jan-21,28519,360337,27889,261737,0,30889,12745,722116,713809.4286
16-Jan-21,22015,372067,29212,236026,0,31733,12818,703871,698624.5714
17-Jan-21,25216,406396,25077,245142,0,28889,13241,743961,689616.5714
18-Jan-21,22020,352958,25315,184728,0,25497,11849,622367,680820.1429
19-Jan-21,18841,278833,22347,180358,0,22823,12220,535422,672290.4286
20-Jan-21,19046,231498,25063,233268,0,28754,11085,548714,659150
21-Jan-21,22223,285375,26222,253724,0,29374,12144,629062,643644.7143
22-Jan-21,21574,334364,25645,233220,0,30684,11366,656853,634321.4286
23-Jan-21,21111,326289,23386,208750,0,28613,11550,619699,622296.8571
24-Jan-21,24138,322096,22792,222446,0,29009,11253,631734,606264.4286
25-Jan-21,15646,305675,22828,165664,0,25555,10165,545533,595288.1429
26-Jan-21,13472,219646,21142,152320,0,25284,8399,440263,581694
27-Jan-21,15661,212901,24126,207470,0,27617,9090,496865,574287
28-Jan-21,16654,277558,24371,231623,0,28188,10553,588947,568556.2857
29-Jan-21,16279,292050,24559,210461,0,35412,9938,588699,558820
30-Jan-21,15625,285228,23581,183837,0,30323,11872,550466,548929.5714
31-Jan-21,15054,276301,21336,195853,0,27607,12125,548276,537007
01-Feb-21,12108,274472,21052,151503,0,25109,10702,494946,529780.2857
02-Feb-21,10108,179518,20601,140358,0,21675,8547,380807,521286.5714
03-Feb-21,11008,193682,23070,174694,0,25495,7874,435823,512566.2857
04-Feb-21,13194,221638,24551,196241,0,26818,8784,491226,498606.1429
05-Feb-21,12355,234631,23796,177204,0,26357,9312,483655,483599.8571
06-Feb-21,15640,240989,24033,155377,0,25598,8157,469794,472075.2857
07-Feb-21,10429,235074,21510,163973,0,24433,8385,463804,460007.8571
08-Feb-21,8213,210847,22862,124691,0,21841,7494,395948,445865.2857
09-Feb-21,9052,153583,22558,117846,0,19741,7087,329867,438588.1429
10-Feb-21,11013,138917,24861,147722,0,21624,6003,350140,426347.7143
11-Feb-21,10577,186907,25957,163768,0,23235,7139,417583,415827.2857
12-Feb-21,9728,206605,26249,151332,0,20967,7402,422283,407059.8571
13-Feb-21,9956,206028,25065,134255,0,22509,7212,405025,397807.1429
14-Feb-21,9576,206107,22949,142036,0,20487,7235,408390,389890.8571
15-Feb-21,8705,173572,24798,109735,0,19759,6186,342755,382291.8571
16-Feb-21,9293,120496,24129,112693,0,20630,6484,293725,377128.7143
17-Feb-21,8621,111573,27006,146312,0,22935,6072,322519,373182.8571
18-Feb-21,10662,149082,28293,157793,0,23207,6321,375358,367150.7143
19-Feb-21,9773,170480,26863,151044,0,25084,6703,389947,362531.2857
20-Feb-21,10351,168302,25434,137657,0,23281,6855,371880,357796.2857
21-Feb-21,9048,169416,25495,150623,0,22754,6393,383729,354273.2857
22-Feb-21,6954,168559,27068,117495,0,25649,6802,352527,355669.2857
23-Feb-21,6707,120297,27631,125219,0,21590,5863,307307,357609.5714
24-Feb-21,7561,113122,30966,163135,0,22507,5489,342780,360504
25-Feb-21,7912,171143,31113,174471,0,26501,6759,417899,366581.2857
26-Feb-21,8210,187400,31517,165935,0,26100,5738,424900,371574.5714
27-Feb-21,5769,187480,30995,154696,0,23850,6568,409358,376928.5714
28-Feb-21,7211,179687,27935,158559,0,23401,6999,403792,379794.7143
01-Mar-21,10854,169879,30163,124267,0,23444,6084,364691,381532.4286
02-Mar-21,6798,113819,30798,133368,0,19165,5154,309102,381788.8571
03-Mar-21,5827,115262,33299,174543,0,23044,5098,357073,383830.7143
04-Mar-21,8285,157466,34810,190614,0,26018,5330,422523,384491.2857
05-Mar-21,6708,172587,35530,178260,0,25117,6276,424478,384431
06-Mar-21,7325,187391,33647,151110,0,25243,6984,411700,384765.5714
07-Mar-21,9544,183652,30363,189429,0,25778,6757,445523,390727.1429
08-Mar-21,9012,163948,33315,130751,0,26985,6619,370630,391575.5714
09-Mar-21,4949,154088,34136,142607,0,23254,6314,365348,399610.7143
10-Mar-21,6569,106794,35860,184457,0,25184,5704,364568,400681.4286
11-Mar-21,7980,165905,36353,207950,0,29687,6408,454283,405218.5714
12-Mar-21,8070,186289,37070,199792,0,31322,7561,470104,411736.5714
13-Mar-21,5867,181690,36378,194791,0,31071,8324,458121,418368.1429
14-Mar-21,10240,193462,30452,203056,0,31848,8613,477671,422960.7143
15-Mar-21,5320,166652,36800,157250,0,34242,7984,408248,428334.7143
16-Mar-21,4668,112911,36182,170468,0,32347,8169,364745,428248.5714
17-Mar-21,6979,115450,39497,214551,0,38451,7426,422354,436503.7143
18-Mar-21,9413,176310,40280,242226,0,45361,7952,521542,446112.1429
19-Mar-21,7693,197508,40362,232539,0,48619,8892,535613,455470.5714
20-Mar-21,8752,197726,38162,215574,0,49125,11169,520508,464383
21-Mar-21,8091,202724,32447,228548,0,51130,12128,535068,472582.5714
22-Mar-21,7322,190634,40065,178624,0,56233,11127,484005,483405
23-Mar-21,7341,122401,39209,202164,0,50596,10960,432671,493108.7143
24-Mar-21,7183,144948,39511,246022,0,56707,9614,503985,504770.2857
25-Mar-21,15770,192492,37518,275772,0,63867,11080,596499,515478.4286
26-Mar-21,8481,212639,41595,262869,0,68622,13301,607507,525749
27-Mar-21,9559,222384,38810,234499,0,71049,14535,590836,535795.8571
28-Mar-21,6630,219363,34422,257719,0,71261,13773,603168,545524.4286
29-Mar-21,6708,205229,41092,197500,0,78780,13477,542786,553921.7143
30-Mar-21,5940,139441,39717,207855,0,66526,13987,473466,559749.5714
31-Mar-21,9350,149612,43203,253842,0,65548,13851,535406,564238.2857
01-Apr-21,13687,201663,45565,288518,0,85714,11440,646587,571393.7143
02-Apr-21,9048,226608,46372,266822,0,94288,14268,657406,578522.1429
03-Apr-21,8482,238302,43585,231604,0,99696,20663,642332,585878.7143
04-Apr-21,5573,191619,38686,202268,0,107626,18071,563843,580260.8571
05-Apr-21,5741,164881,46984,204489,0,115160,16224,553479,581788.4286
06-Apr-21,6106,126768,45798,180115,0,109605,13255,481647,582957.1429
07-Apr-21,5488,148466,51785,217999,0,129281,14595,567614,587558.2857
08-Apr-21,10727,221461,56676,274694,0,140391,12556,716505,597546.5714
09-Apr-21,7555,248787,59627,272222,0,145992,15844,750027,610778.1429
10-Apr-21,8339,248638,55632,243385,0,157017,19957,732968,623726.1429
11-Apr-21,6782,266686,48465,250061,0,164528,19403,755925,651166.4286
12-Apr-21,5673,222601,54599,197208,0,182810,18213,681104,669398.5714
13-Apr-21,7742,161148,54836,199908,0,175202,16945,615781,688560.5714
14-Apr-21,10235,165224,56275,247601,0,197354,15727,692416,706389.4286
15-Apr-21,7348,245164,58913,268655,0,213495,16496,810071,719756
16-Apr-21,8709,236304,57831,250413,0,229937,20081,803275,727362.8571
17-Apr-21,4191,239411,55882,227207,0,245961,20071,792723,735899.2857
18-Apr-21,10399,256306,47840,235179,0,273216,20643,843583,748421.8571
19-Apr-21,5726,217337,52955,171531,0,286182,19149,752880,758675.5714
20-Apr-21,5392,162938,54715,198840,0,273006,17073,711964,772416
21-Apr-21,6623,143585,57889,229818,0,309644,16559,764118,782659.1429
22-Apr-21,6279,218976,58700,251082,1,329930,19059,884027,793224.2857
23-Apr-21,11470,232855,56478,226308,0,347713,20206,895030,806332.1429
24-Apr-21,7812,208156,52447,194109,0,360561,19434,842519,813445.8571
25-Apr-21,6044,229682,45140,188718,0,363642,20289,853515,814864.7143
26-Apr-21,5570,206679,48405,149519,0,369130,18181,797484,821236.7143
27-Apr-21,5126,140424,47411,148062,0,339035,18070,698128,819260.1429
28-Apr-21,5412,123325,48869,186267,12,377966,17267,759118,818545.8571
29-Apr-21,5721,206319,49444,200036,0,396065,18360,875945,817391.2857
30-Apr-21,5066,224004,47374,170487,0,403607,20173,870711,813917.1429
01-May-21,11135,219946,44693,153355,0,417838,19967,866934,817405
02-May-21,4718,208413,38308,152396,0,409777,20581,834193,814644.7143
03-May-21,4234,189635,41367,111593,0,386645,20127,753601,808375.7143
04-May-21,4021,125025,42461,111789,0,375538,17026,675860,805194.5714
05-May-21,5110,116676,43442,138101,0,402890,16022,722241,799926.4286
06-May-21,10433,197113,40101,155846,0,433340,16031,852864,796629.1429
07-May-21,6746,197931,41907,136882,0,436099,17560,837125,791831.1429
08-May-21,6076,204772,38918,124613,0,421856,20094,816329,784601.8571
09-May-21,5570,206224,32657,128467,0,423829,20212,816959,782139.8571
10-May-21,4735,172093,34394,92869,0,387306,20236,711633,776144.4286
11-May-21,3798,128861,37798,92357,0,351655,18719,633188,770048.4286
12-May-21,7361,106377,38355,100415,0,369557,16582,638647,758106.4286
13-May-21,6024,184707,34998,122535,0,384945,18592,751801,743668.8571
14-May-21,8696,195261,32254,103041,0,361387,20322,720961,727074
15-May-21,6366,203284,23140,89275,0,343466,19169,684700,708269.8571
16-May-21,5357,212172,19096,92699,0,327439,19135,675898,688118.2857
17-May-21,4529,175766,25464,75239,0,309274,16960,607232,673203.8571
18-May-21,5105,119864,31355,72995,2,283805,17209,530335,658510.5714
19-May-21,6295,124808,32485,94017,1,290306,16458,564370,647899.5714
20-May-21,6619,189465,33459,98521,1,300076,18801,646942,632919.7143
21-May-21,8065,206765,34385,81383,0,284069,20976,635643,620731.4286
22-May-21,5830,207170,31363,86981,2,280364,20513,632223,613234.7143
23-May-21,6889,198154,27207,73321,0,263138,20736,589445,600884.2857
24-May-21,5681,185188,28186,55111,0,244208,15529,533903,590408.7143
25-May-21,5820,126260,30764,48135,0,218751,17202,446932,578494
26-May-21,8549,124573,33133,58578,0,228554,18083,471470,565222.5714
27-May-21,7836,182165,31605,76669,0,233142,20085,551502,551588.2857
28-May-21,8284,205841,31624,78345,0,208196,21434,553724,539885.5714
29-May-21,8659,197181,31549,70679,0,194726,24126,526920,524842.2857
30-May-21,7839,177564,25707,60252,0,185180,22773,479315,509109.4286
31-May-21,7490,180008,27407,49037,0,173554,19608,457104,498138.1429
01-Jun-21,7190,124138,30296,45985,0,145560,18474,371643,487382.5714
02-Jun-21,8361,112890,30439,61475,0,152224,17651,383040,474749.7143
03-Jun-21,9922,202010,32287,64112,0,155099,18894,482324,464867.1429
04-Jun-21,10303,212564,29796,58638,0,152150,21761,485212,455079.7143
05-Jun-21,12826,199589,28475,56014,0,138877,21498,457279,445131
06-Jun-21,9851,159920,23508,49779,0,131201,20400,394659,433037.2857
07-Jun-21,9473,165553,23310,41129,0,118765,18854,377084,421605.8571
08-Jun-21,7524,123235,22918,40112,0,104940,15908,314637,413462.1429
09-Jun-21,12199,120902,28285,51842,0,112293,15341,340862,407436.7143
10-Jun-21,15137,154526,30647,56169,0,114128,17334,387941,393953.4286
11-Jun-21,16525,200607,32948,53443,0,110562,18299,432384,386406.5714
12-Jun-21,17334,196855,28985,52126,0,101961,18902,416163,380532.8571
13-Jun-21,16959,187287,24701,49742,0,100656,19381,398726,381113.8571
14-Jun-21,14228,173225,25873,41568,0,90012,17685,362591,379043.4286
15-Jun-21,11180,113735,28931,41041,0,79502,16298,290687,375622
16-Jun-21,20040,119801,28000,46297,0,83579,16318,314035,371789.5714
17-Jun-21,20924,177304,32039,50493,0,91575,16803,389138,371960.5714
18-Jun-21,25167,199972,31244,54331,0,87271,18542,416527,369695.2857
19-Jun-21,18908,178076,27841,54375,0,85166,19571,383937,365091.5714
20-Jun-21,21631,191687,21619,50290,0,83572,18747,387546,363494.4286
21-Jun-21,20230,164528,29707,44153,0,80202,16414,355234,362443.4286
22-Jun-21,20533,114681,30886,43970,0,71861,14825,296756,363310.4286
23-Jun-21,20890,103081,33055,52144,0,79685,13954,302809,361706.7143
24-Jun-21,28083,177668,33449,62327,0,89408,15457,406392,364171.5714
25-Jun-21,30513,217846,34454,62166,0,84804,18071,447854,368646.8571
26-Jun-21,26933,182457,32027,61161,0,82301,19162,404041,371518.8571
27-Jun-21,30501,179548,27610,62051,0,84983,18684,403377,373780.4286
28-Jun-21,23036,155555,28940,56117,0,85421,17634,366703,375418.8571
29-Jun-21,21049,107034,32343,63683,0,75373,15960,315442,378088.2857
30-Jun-21,22478,111581,37108,72093,0,86965,16276,346501,384330
