date,AFRO,AMRO,EMRO,EURO,Other,SEARO,WPRO
03-Jan-20,0,0,0,0,0,0,0
04-Jan-20,0,0,0,0,0,0,1
05-Jan-20,0,0,0,0,0,0,0
06-Jan-20,0,0,0,0,0,0,3
07-Jan-20,0,0,0,0,0,0,0
08-Jan-20,0,0,0,0,0,0,0
09-Jan-20,0,0,0,0,0,0,0
10-Jan-20,0,0,0,0,0,0,0
11-Jan-20,0,0,0,0,0,0,0
12-Jan-20,0,0,0,0,0,0,41
13-Jan-20,0,0,0,0,0,1,0
14-Jan-20,0,0,0,0,0,4,1
15-Jan-20,0,0,0,0,0,0,0
16-Jan-20,0,0,0,0,0,0,0
17-Jan-20,0,0,0,0,0,-3,4
18-Jan-20,0,0,0,0,0,4,0
19-Jan-20,0,0,0,0,0,0,81
20-Jan-20,0,5,0,0,0,0,77
21-Jan-20,0,0,0,0,0,0,93
22-Jan-20,0,0,0,0,0,1,143
23-Jan-20,0,0,0,0,0,-2,132
24-Jan-20,0,31,0,3,0,8,269
25-Jan-20,0,1,0,0,0,0,469
26-Jan-20,0,6,0,0,0,-3,691
27-Jan-20,0,4,0,0,0,12,783
28-Jan-20,0,4,0,1,0,-2,1770
29-Jan-20,0,1,8,7,0,8,1469
30-Jan-20,0,1,0,1,0,1,1751
31-Jan-20,0,2,0,6,0,9,1999
01-Feb-20,0,2,1,4,0,-4,2109
02-Feb-20,0,4,0,3,0,1,2601
03-Feb-20,0,3,0,1,0,1,2834
04-Feb-20,0,1,0,3,0,10,3235
05-Feb-20,0,8,0,0,14,-4,3911
06-Feb-20,0,1,0,0,10,4,3710
07-Feb-20,0,3,0,2,41,0,3158
08-Feb-20,0,0,2,6,3,3,3392
09-Feb-20,0,1,0,0,6,-3,2664
10-Feb-20,0,1,1,4,65,0,2990
11-Feb-20,0,2,0,2,0,4,2477
12-Feb-20,0,1,0,2,39,4,2027
13-Feb-20,0,2,0,1,44,0,15155
14-Feb-20,0,1,5,3,0,0,4065
15-Feb-20,0,2,0,0,67,-3,2660
16-Feb-20,0,3,1,0,70,4,2030
17-Feb-20,0,3,0,1,99,-3,2060
18-Feb-20,0,0,0,0,88,4,1904
19-Feb-20,0,6,6,0,79,0,1796
20-Feb-20,0,0,3,0,0,0,417
21-Feb-20,0,1,20,1,13,0,987
22-Feb-20,0,3,12,14,0,0,1034
23-Feb-20,0,9,15,64,57,0,890
24-Feb-20,0,3,32,56,0,0,439
25-Feb-20,5,1,66,100,0,-2,660
26-Feb-20,0,10,72,108,4,3,674
27-Feb-20,0,5,48,106,0,4,913
28-Feb-20,5,13,256,334,0,-3,786
29-Feb-20,0,16,20,327,0,1,1364
01-Mar-20,0,14,217,414,1,4,1187
02-Mar-20,7,44,40,690,0,-3,915
03-Mar-20,2,41,939,571,0,12,748
04-Mar-20,6,42,1430,764,0,19,666
05-Mar-20,9,52,617,1088,0,1,641
06-Mar-20,10,70,1279,1516,0,6,720
07-Mar-20,7,116,1114,1868,0,11,697
08-Mar-20,1,117,822,2207,0,10,489
09-Mar-20,4,113,640,2684,0,7,366
10-Mar-20,4,227,952,3514,0,20,233
11-Mar-20,11,345,1090,3373,0,23,363
12-Mar-20,22,436,1129,5952,0,36,283
13-Mar-20,11,528,1313,7419,1,21,238
14-Mar-20,78,715,1817,8019,0,37,317
15-Mar-20,45,623,1417,9744,15,110,330
16-Mar-20,52,797,1177,9160,0,68,438
17-Mar-20,50,1818,1545,12144,0,106,339
18-Mar-20,95,1588,1464,13070,0,118,479
19-Mar-20,160,3781,1247,15937,0,183,655
20-Mar-20,76,4682,1546,23187,-4,173,513
21-Mar-20,111,5817,1225,24041,0,244,707
22-Mar-20,64,3771,1558,24364,0,339,747
23-Mar-20,176,7011,1819,22345,0,279,853
24-Mar-20,304,10814,2385,27050,0,309,989
25-Mar-20,351,12636,2838,28028,0,304,1135
26-Mar-20,281,14278,2836,33499,0,264,920
27-Mar-20,482,14718,3540,38425,0,329,1331
28-Mar-20,412,19418,3594,40768,0,406,1161
29-Mar-20,205,20938,3711,41490,0,353,1445
30-Mar-20,484,21386,3838,31178,0,367,1278
31-Mar-20,282,21087,4027,31691,0,430,967
01-Apr-20,313,25573,3740,41772,0,681,1557
02-Apr-20,621,26894,3868,39166,0,555,1372
03-Apr-20,560,31620,3820,37679,0,647,1132
04-Apr-20,689,29947,3446,41061,0,817,1447
05-Apr-20,423,39196,1685,38510,0,780,1019
06-Apr-20,231,33966,4054,29381,0,1007,1126
07-Apr-20,443,30668,4218,31145,0,685,1120
08-Apr-20,555,46268,3428,34900,0,1242,1027
09-Apr-20,690,27557,3357,39191,0,1097,1182
10-Apr-20,450,39311,3308,40419,0,916,1397
11-Apr-20,553,39312,3568,39563,0,1477,1301
12-Apr-20,388,40252,3719,35064,0,1496,1569
13-Apr-20,531,37535,3768,29032,0,1340,1308
14-Apr-20,527,32909,3925,27122,0,1769,1379
15-Apr-20,580,28497,3751,33725,0,1652,1399
16-Apr-20,477,33753,4043,32732,0,1719,1367
17-Apr-20,517,34947,4392,36757,0,1713,1699
18-Apr-20,744,37130,4859,33681,0,1690,1987
19-Apr-20,788,37544,4008,34624,0,2047,1855
20-Apr-20,868,37478,4742,27272,0,2297,1326
21-Apr-20,795,31991,5037,28808,0,2234,2069
22-Apr-20,560,35995,4879,31776,0,2081,1761
23-Apr-20,714,34431,5101,30256,0,2232,1635
24-Apr-20,1404,35507,4845,32194,0,2714,1879
25-Apr-20,1263,58482,5676,31158,0,2266,1688
26-Apr-20,819,39237,5615,28504,0,2793,1169
27-Apr-20,1154,46887,5347,23124,0,2206,1482
28-Apr-20,767,37656,5305,23410,0,2612,1264
29-Apr-20,1017,35210,5690,23505,0,2856,1064
30-Apr-20,1460,36680,5489,28296,0,2806,1294
01-May-20,1950,40647,6168,28308,0,3094,1095
02-May-20,1310,48084,6406,27081,0,3219,1565
03-May-20,1463,47466,5618,26006,0,3700,1041
04-May-20,1098,46019,5690,23762,0,3701,1328
05-May-20,2036,43586,7077,21325,0,5237,1096
06-May-20,1403,32570,7854,26083,0,4194,1016
07-May-20,1497,36104,7968,29974,0,4667,1300
08-May-20,2247,44774,8125,26466,0,4581,1263
09-May-20,2827,50706,8699,26278,0,4553,1076
10-May-20,2082,43850,9706,24599,0,4620,1139
11-May-20,1907,48117,9436,21277,0,5557,1248
12-May-20,2296,38495,8863,20487,0,5212,927
13-May-20,2600,32160,10243,24797,0,5483,1364
14-May-20,2323,41970,9535,22552,0,5381,1081
15-May-20,2438,44444,11384,23848,0,5733,1268
16-May-20,2271,53649,10479,21079,0,5527,1171
17-May-20,2202,50712,10900,22060,0,6805,823
18-May-20,2500,60309,11992,18678,0,7450,971
19-May-20,2358,33229,11845,19048,0,6813,663
20-May-20,2435,50956,11497,19280,0,7997,777
21-May-20,2391,56657,14477,22224,0,8448,955
22-May-20,3405,57272,13199,19768,0,8546,838
23-May-20,2504,56135,13423,19449,29,9612,919
24-May-20,3039,59543,12885,18921,0,8954,925
25-May-20,2707,59208,12026,17789,0,9579,927
26-May-20,3042,47956,11068,17338,0,8392,878
27-May-20,2771,51150,10690,17255,0,8907,1007
28-May-20,3777,51964,12251,18586,0,9569,1056
29-May-20,3337,60305,13580,19311,0,10913,1042
30-May-20,3973,66261,14503,19170,0,10650,1944
31-May-20,3708,63132,15076,18271,0,11852,1219
01-Jun-20,3632,79398,15140,16849,0,11599,1533
02-Jun-20,3879,64414,16006,15722,0,12092,1107
03-Jun-20,3365,41538,16344,16963,0,12566,1052
04-Jun-20,4153,73606,17526,18649,0,12735,1496
05-Jun-20,5465,62378,17078,18617,0,13678,1540
06-Jun-20,5457,71432,17906,18547,0,13875,637
07-Jun-20,4763,80098,18652,17960,0,13643,1206
08-Jun-20,4088,75983,17751,18595,0,13922,1038
09-Jun-20,5086,54542,17171,16648,0,14557,1057
10-Jun-20,4789,49289,18749,17383,0,14733,846
11-Jun-20,4795,70865,19472,18485,0,14446,1292
12-Jun-20,5680,76334,19912,19313,0,16021,1014
13-Jun-20,5492,78833,20885,18518,0,15624,1229
14-Jun-20,6312,73289,20905,19418,0,16380,1150
15-Jun-20,7937,69133,19669,17788,0,16117,1133
16-Jun-20,6400,59161,18552,17742,0,16054,924
17-Jun-20,5722,59336,20685,18056,0,16634,667
18-Jun-20,6914,117347,20042,19764,0,18733,875
19-Jun-20,6639,78394,19157,19311,0,18340,1027
20-Jun-20,7357,77153,21773,19134,0,19352,1000
21-Jun-20,8464,112303,18966,19415,0,20248,1371
22-Jun-20,7664,91209,17233,17654,0,19809,1051
23-Jun-20,7552,67999,18512,17822,0,20003,1031
24-Jun-20,7333,68985,17676,18761,0,21206,1430
25-Jun-20,9010,98011,18824,20530,0,22507,840
26-Jun-20,10194,107556,17877,20232,0,23011,1102
27-Jun-20,9350,106165,18747,19799,0,24041,1453
28-Jun-20,10713,117959,17996,19135,0,25406,1265
29-Jun-20,9532,108663,17559,17422,0,25056,1069
30-Jun-20,8943,93493,16493,27051,0,23845,1465
01-Jul-20,9504,83302,19337,18839,0,24329,1581
02-Jul-20,11638,101253,18948,19980,0,25301,1558
03-Jul-20,11364,129585,18973,19787,0,26075,837
04-Jul-20,12619,132049,19129,19095,0,27780,2251
05-Jul-20,14251,126879,18513,19358,0,29530,2121
06-Jul-20,13262,116576,17551,17162,0,28870,2969
07-Jul-20,12635,94005,16903,17925,0,26765,2708
08-Jul-20,15379,94296,17017,19679,0,28381,2105
09-Jul-20,12802,124021,17451,20866,0,31109,3083
10-Jul-20,17307,140888,16661,20979,0,31555,2107
11-Jul-20,15361,133620,17075,20951,0,31663,2147
12-Jul-20,17884,145801,15459,21320,0,33243,2146
13-Jul-20,16279,128315,15338,19212,0,33294,3041
14-Jul-20,15085,110509,15606,19551,0,33434,1614
15-Jul-20,13464,105649,14790,21527,0,34644,1571
16-Jul-20,17279,132232,14810,23140,0,37258,2382
17-Jul-20,19719,141555,15090,22729,0,39581,3603
18-Jul-20,18344,152688,13812,21682,0,39434,3345
19-Jul-20,17625,146547,13726,21488,0,43218,3338
20-Jul-20,18132,130617,12773,20231,0,45273,3414
21-Jul-20,13962,115707,13250,20740,0,42062,2619
22-Jul-20,12666,110613,13915,22553,0,42539,3489
23-Jul-20,18535,138681,14628,24261,0,50655,3156
24-Jul-20,16962,173695,13270,23888,0,53831,4046
25-Jul-20,20614,169688,14018,22915,0,53502,3748
26-Jul-20,16245,166358,13605,22906,0,52633,3703
27-Jul-20,16713,147462,12486,21269,0,54465,3839
28-Jul-20,13185,115358,12392,21868,0,52866,3862
29-Jul-20,12239,111440,13127,30663,0,54179,3665
30-Jul-20,16046,139010,13222,32410,0,57160,3781
31-Jul-20,16031,170229,12618,31792,0,60195,6575
01-Aug-20,18027,167367,12175,35137,0,61350,6719
02-Aug-20,14344,161262,9616,31565,0,57615,6695
03-Aug-20,13204,145693,9372,30208,0,56564,8153
04-Aug-20,9276,115398,10314,30322,0,56312,5218
05-Aug-20,8875,95228,11072,33596,0,57521,8336
06-Aug-20,13906,141612,12271,36207,0,61592,6422
07-Aug-20,12454,152910,12364,34962,0,68432,5967
08-Aug-20,11994,154833,12630,34140,0,66937,5836
09-Aug-20,12489,154892,11702,34593,0,69311,6209
10-Aug-20,10706,143656,10821,30548,0,67112,5097
11-Aug-20,7553,105603,11675,32427,0,59024,8264
12-Aug-20,6325,101992,12724,35766,0,66544,4623
13-Aug-20,7070,154007,13273,39448,0,72384,5891
14-Aug-20,8653,157880,13309,36907,0,70327,5618
15-Aug-20,10765,161959,13500,36503,0,70577,8289
16-Aug-20,9152,148593,13769,39731,0,68352,6283
17-Aug-20,7874,140393,12916,33585,0,63110,4924
18-Aug-20,6967,105542,11887,33963,0,61154,5055
19-Aug-20,6297,89760,14080,38503,0,70014,6329
20-Aug-20,9199,132058,13909,43219,0,75666,6225
21-Aug-20,8589,140512,13170,40617,0,74561,6391
22-Aug-20,7626,137204,13469,39953,0,75013,6151
23-Aug-20,8613,118542,12758,43976,0,74207,6621
24-Aug-20,7501,138030,11853,38286,0,66673,3818
25-Aug-20,6115,95861,12290,37969,0,66980,5835
26-Aug-20,5367,91454,12950,41896,0,73176,4252
27-Aug-20,6739,127699,12853,48149,0,82160,6953
28-Aug-20,3686,135639,12728,44349,0,83600,4882
29-Aug-20,8631,137177,12881,42082,0,83028,5508
30-Aug-20,6095,133973,12117,49418,0,84914,5019
31-Aug-20,6411,126910,11811,42530,0,84611,5395
01-Sep-20,5196,86276,12148,41318,0,76001,4420
02-Sep-20,5342,115107,11913,47122,0,85364,4550
03-Sep-20,5444,128716,13309,53353,0,91107,3215
04-Sep-20,5952,131518,14587,49334,0,90062,3196
05-Sep-20,5804,132868,15354,46991,0,92809,4688
06-Sep-20,4490,145220,13979,57888,0,96922,3417
07-Sep-20,5052,103550,14587,50979,0,96995,3558
08-Sep-20,3945,83432,13851,49985,0,81888,2068
09-Sep-20,4582,64650,15978,55585,0,96219,4243
10-Sep-20,4887,82638,15156,62401,0,103021,4084
11-Sep-20,5301,112830,16100,57386,0,103904,5004
12-Sep-20,4761,120109,14829,55272,0,104285,5172
13-Sep-20,4641,131761,15266,65735,0,101028,5990
14-Sep-20,3320,117499,15672,57804,0,98558,4085
15-Sep-20,3632,83910,15078,58987,0,90702,5308
16-Sep-20,3891,82641,16611,64709,0,97686,4342
17-Sep-20,4318,110310,16769,73698,0,104704,4483
18-Sep-20,4753,121203,17477,68070,0,104373,4153
19-Sep-20,4809,119978,16480,63194,0,100685,4197
20-Sep-20,4353,132047,16386,76173,0,100192,4756
21-Sep-20,4243,113860,16674,63199,0,94596,3993
22-Sep-20,3182,83407,14758,66655,0,82800,3994
23-Sep-20,4073,85252,19062,70735,0,91420,2244
24-Sep-20,4317,121031,18989,80948,0,94913,3559
25-Sep-20,4113,116275,18945,75800,0,94349,2860
26-Sep-20,4099,121769,17625,71999,0,92812,3518
27-Sep-20,2918,126027,18172,77755,0,96268,2822
28-Sep-20,3470,111823,16880,65742,0,89272,3699
29-Sep-20,3340,83595,17100,71608,0,78552,3664
30-Sep-20,3775,84764,18732,84827,0,88654,3009
01-Oct-20,4342,109829,19735,94386,0,95432,3353
02-Oct-20,4054,119774,19150,91598,0,90986,3507
03-Oct-20,4322,123701,17073,83674,0,88009,3793
04-Oct-20,3777,124581,19447,102442,0,84266,3726
05-Oct-20,4510,109343,18065,87887,0,83391,3986
06-Oct-20,2832,76107,19750,101401,0,70164,3453
07-Oct-20,2566,88433,19714,112649,0,83059,3495
08-Oct-20,3066,125195,21357,126729,0,90701,4087
09-Oct-20,6386,129431,19519,121636,0,79048,3430
10-Oct-20,4174,151421,21034,120373,0,85400,4285
11-Oct-20,4763,131884,18569,139541,0,84467,3394
12-Oct-20,4089,115702,16977,119468,0,77574,3594
13-Oct-20,5280,94584,18859,129247,0,65931,5116
14-Oct-20,3595,87030,20555,152345,0,73292,3269
15-Oct-20,4521,99269,21668,168097,0,78496,3612
16-Oct-20,4794,124138,21489,163522,0,74772,3687
17-Oct-20,4630,136142,24638,159392,0,72181,4766
18-Oct-20,4564,143753,18858,190638,0,71690,4281
19-Oct-20,4432,117495,21113,168231,0,65788,3786
20-Oct-20,4040,93086,20075,182354,0,56282,4878
21-Oct-20,3935,111219,21229,223536,0,67168,3184
22-Oct-20,4712,132199,24082,251267,0,67110,3622
23-Oct-20,5318,134887,25667,232979,0,67043,3436
24-Oct-20,5144,146534,24908,223551,0,62518,4224
25-Oct-20,4542,159709,24086,268322,0,59892,4138
26-Oct-20,4226,147779,22794,226797,0,53111,3812
27-Oct-20,2774,109244,22463,237827,0,43816,4147
28-Oct-20,4685,121710,27045,287609,0,53210,3209
29-Oct-20,5041,146988,26059,295603,0,59513,4611
30-Oct-20,5856,155769,31201,277167,0,58669,3410
31-Oct-20,5382,162266,27086,265713,0,56594,3842
01-Nov-20,4979,165743,24517,308399,0,55705,3444
02-Nov-20,4020,146622,26080,249738,0,53536,4164
03-Nov-20,3693,180094,28770,249248,0,47738,5146
04-Nov-20,3545,133718,30953,291120,0,56110,4036
05-Nov-20,5327,147064,32856,313324,0,60764,3539
06-Nov-20,6394,171800,31290,291539,0,57236,4327
07-Nov-20,6645,186651,33412,283616,0,60493,5440
08-Nov-20,4063,161695,30711,302687,0,55458,4721
09-Nov-20,4621,189552,30524,250532,0,54421,4602
10-Nov-20,6338,147430,30949,213569,0,47345,5000
11-Nov-20,5399,169133,35146,289736,0,54286,4015
12-Nov-20,5872,208032,36177,290852,0,57452,4735
13-Nov-20,6835,243714,37144,286204,0,55855,4452
14-Nov-20,6782,235829,35107,276622,0,55008,5417
15-Nov-20,5143,251142,33445,278352,0,50432,4729
16-Nov-20,6019,236843,32915,226358,0,39033,4645
17-Nov-20,4758,184314,32959,226797,0,37298,4794
18-Nov-20,6812,203280,37527,252601,0,48363,4473
19-Nov-20,7051,233197,41011,272682,0,56948,4941
20-Nov-20,8220,239101,36775,273469,0,56991,5667
21-Nov-20,7419,261755,36663,262494,0,56816,5675
22-Nov-20,6827,276241,33244,256603,0,55174,5818
23-Nov-20,6291,244340,35431,203201,0,54795,5744
24-Nov-20,5267,202293,31850,201528,0,47963,6111
25-Nov-20,6507,215502,35896,248898,0,56295,5623
26-Nov-20,7601,246012,37656,253233,0,55252,5083
27-Nov-20,7178,281783,37831,269701,0,55064,5381
28-Nov-20,8765,231055,37822,260808,0,51968,6198
29-Nov-20,6874,258894,32829,249579,0,53019,6405
30-Nov-20,5544,240011,34572,202621,0,49438,6157
01-Dec-20,6337,197300,32959,200461,0,41642,5826
02-Dec-20,5965,219223,35657,232339,0,48222,5318
03-Dec-20,8089,281131,35878,259264,0,49668,5631
04-Dec-20,8805,303366,37891,263637,0,47915,5520
05-Dec-20,9513,319941,34050,258127,0,47803,5498
06-Dec-20,8790,319449,31556,254187,0,47093,6084
07-Dec-20,8601,296482,31208,204217,3,43798,5864
08-Dec-20,8237,238089,28681,203313,0,37573,5796
09-Dec-20,7341,248370,29830,242609,0,43410,5381
10-Dec-20,13683,317887,30569,260210,0,42649,5983
11-Dec-20,12672,314728,29987,273455,0,40749,7568
12-Dec-20,12659,311291,27524,265603,0,40794,7291
13-Dec-20,11284,352842,24286,261093,0,40673,7400
14-Dec-20,15886,306202,24563,216474,0,37035,5529
15-Dec-20,8259,241086,21991,217397,0,32833,6046
16-Dec-20,12095,264724,25872,271241,0,37272,6435
17-Dec-20,13255,291067,27667,288395,0,35194,6757
18-Dec-20,15629,364316,26229,288097,0,33567,7142
19-Dec-20,13923,369255,25411,270536,0,36679,7948
20-Dec-20,15606,346953,22869,259260,0,37528,6793
21-Dec-20,13044,302796,23005,206462,0,35125,6838
22-Dec-20,13074,257443,20148,222293,0,29683,7076
23-Dec-20,13875,252405,23177,263608,0,35183,7172
24-Dec-20,18220,308511,24554,277359,1,35403,6740
25-Dec-20,19666,338630,24820,258249,0,33695,8679
26-Dec-20,20671,312907,23197,198322,0,32617,7937
27-Dec-20,15980,198787,20072,166801,0,28238,8628
28-Dec-20,12782,238678,20178,184958,0,28852,5962
29-Dec-20,13260,207084,20247,219355,0,27502,6590
30-Dec-20,14163,241623,22384,261525,0,31839,7589
31-Dec-20,24035,326076,24947,316341,0,33159,7800
01-Jan-21,24436,355390,24740,307328,0,30848,9448
02-Jan-21,0,355958,22879,218859,0,28730,8413
03-Jan-21,41331,247903,20665,187114,0,27796,7177
04-Jan-21,16932,335238,22591,216000,0,26417,6708
05-Jan-21,17880,263232,20639,237524,0,27033,7762
06-Jan-21,20679,252755,23805,307364,0,29870,8405
07-Jan-21,30698,356571,25362,326432,0,32550,10837
08-Jan-21,28631,387637,27297,276124,0,31592,12170
09-Jan-21,30961,442575,26694,266092,0,30699,13144
10-Jan-21,28863,442885,26347,265029,0,31002,12891
11-Jan-21,27104,376556,24207,217288,0,27802,10985
12-Jan-21,25493,306835,23561,203417,0,25270,10554
13-Jan-21,21662,285190,26005,267017,0,30016,10807
14-Jan-21,27243,357215,27966,283232,0,31314,10629
15-Jan-21,28519,360337,27889,261737,0,30889,12745
16-Jan-21,22015,372067,29212,236026,0,31733,12818
17-Jan-21,25216,406396,25077,245142,0,28889,13241
18-Jan-21,22020,352958,25315,184728,0,25497,11849
19-Jan-21,18841,278833,22347,180358,0,22823,12220
20-Jan-21,19046,231498,25063,233268,0,28754,11085
21-Jan-21,22223,285375,26222,253724,0,29374,12144
22-Jan-21,21574,334364,25645,233220,0,30684,11366
23-Jan-21,21111,326289,23386,208750,0,28613,11550
24-Jan-21,24138,322096,22792,222446,0,29009,11253
25-Jan-21,15646,305675,22828,165664,0,25555,10165
26-Jan-21,13472,219646,21142,152320,0,25284,8399
27-Jan-21,15661,212901,24126,207470,0,27617,9090
28-Jan-21,16654,277558,24371,231623,0,28188,10553
29-Jan-21,16279,292050,24559,210461,0,35412,9938
30-Jan-21,15625,285228,23581,183837,0,30323,11872
31-Jan-21,15054,276301,21336,195853,0,27607,12125
01-Feb-21,12108,274472,21052,151503,0,25109,10702
02-Feb-21,10108,179518,20601,140358,0,21675,8547
03-Feb-21,11008,193682,23070,174694,0,25495,7874
04-Feb-21,13194,221638,24551,196241,0,26818,8784
05-Feb-21,12355,234631,23796,177204,0,26357,9312
06-Feb-21,15640,240989,24033,155377,0,25598,8157
07-Feb-21,10429,235074,21510,163973,0,24433,8385
08-Feb-21,8213,210847,22862,124691,0,21841,7494
09-Feb-21,9052,153583,22558,117846,0,19741,7087
10-Feb-21,11013,138917,24861,147722,0,21624,6003
11-Feb-21,10577,186907,25957,163768,0,23235,7139
12-Feb-21,9728,206605,26249,151332,0,20967,7402
13-Feb-21,9956,206028,25065,134255,0,22509,7212
14-Feb-21,9576,206107,22949,142036,0,20487,7235
15-Feb-21,8705,173572,24798,109735,0,19759,6186
16-Feb-21,9293,120496,24129,112693,0,20630,6484
17-Feb-21,8621,111573,27006,146312,0,22935,6072
18-Feb-21,10662,149082,28293,157793,0,23207,6321
19-Feb-21,9773,170480,26863,151044,0,25084,6703
20-Feb-21,10351,168302,25434,137657,0,23281,6855
21-Feb-21,9048,169416,25495,150623,0,22754,6393
22-Feb-21,6954,168559,27068,117495,0,25649,6802
23-Feb-21,6707,120297,27631,125219,0,21590,5863
24-Feb-21,7561,113122,30966,163135,0,22507,5489
25-Feb-21,7912,171143,31113,174471,0,26501,6759
26-Feb-21,8210,187400,31517,165935,0,26100,5738
27-Feb-21,5769,187480,30995,154696,0,23850,6568
28-Feb-21,7211,179687,27935,158559,0,23401,6999
01-Mar-21,10854,169879,30163,124267,0,23444,6084
02-Mar-21,6798,113819,30798,133368,0,19165,5154
03-Mar-21,5827,115262,33299,174543,0,23044,5098
04-Mar-21,8285,157466,34810,190614,0,26018,5330
05-Mar-21,6708,172587,35530,178260,0,25117,6276
06-Mar-21,7325,187391,33647,151110,0,25243,6984
07-Mar-21,9544,183652,30363,189429,0,25778,6757
08-Mar-21,9012,163948,33315,130751,0,26985,6619
09-Mar-21,4949,154088,34136,142607,0,23254,6314
10-Mar-21,6569,106794,35860,184457,0,25184,5704
11-Mar-21,7980,165905,36353,207950,0,29687,6408
12-Mar-21,8070,186289,37070,199792,0,31322,7561
13-Mar-21,5867,181690,36378,194791,0,31071,8324
14-Mar-21,10240,193462,30452,203056,0,31848,8613
15-Mar-21,5320,166652,36800,157250,0,34242,7984
16-Mar-21,4668,112911,36182,170468,0,32347,8169
17-Mar-21,6979,115450,39497,214551,0,38451,7426
18-Mar-21,9413,176310,40280,242226,0,45361,7952
19-Mar-21,7693,197508,40362,232539,0,48619,8892
20-Mar-21,8752,197726,38162,215574,0,49125,11169
21-Mar-21,8091,202724,32447,228548,0,51130,12128
22-Mar-21,7322,190634,40065,178624,0,56233,11127
23-Mar-21,7341,122401,39209,202164,0,50596,10960
24-Mar-21,7183,144948,39511,246022,0,56707,9614
25-Mar-21,15770,192492,37518,275772,0,63867,11080
26-Mar-21,8481,212639,41595,262869,0,68622,13301
27-Mar-21,9559,222384,38810,234499,0,71049,14535
28-Mar-21,6630,219363,34422,257719,0,71261,13773
29-Mar-21,6708,205229,41092,197500,0,78780,13477
30-Mar-21,5940,139441,39717,207855,0,66526,13987
31-Mar-21,9350,149612,43203,253842,0,65548,13851
01-Apr-21,13687,201663,45565,288518,0,85714,11440
02-Apr-21,9048,226608,46372,266822,0,94288,14268
03-Apr-21,8482,238302,43585,231604,0,99696,20663
04-Apr-21,5573,191619,38686,202268,0,107626,18071
05-Apr-21,5741,164881,46984,204489,0,115160,16224
06-Apr-21,6106,126768,45798,180115,0,109605,13255
07-Apr-21,5488,148466,51785,217999,0,129281,14595
08-Apr-21,10727,221461,56676,274694,0,140391,12556
09-Apr-21,7555,248787,59627,272222,0,145992,15844
10-Apr-21,8339,248638,55632,243385,0,157017,19957
11-Apr-21,6782,266686,48465,250061,0,164528,19403
12-Apr-21,5673,222601,54599,197208,0,182810,18213
13-Apr-21,7742,161148,54836,199908,0,175202,16945
14-Apr-21,10235,165224,56275,247601,0,197354,15727
15-Apr-21,7348,245164,58913,268655,0,213495,16496
16-Apr-21,8709,236304,57831,250413,0,229937,20081
17-Apr-21,4191,239411,55882,227207,0,245961,20071
18-Apr-21,10399,256306,47840,235179,0,273216,20643
19-Apr-21,5726,217337,52955,171531,0,286182,19149
20-Apr-21,5392,162938,54715,198840,0,273006,17073
21-Apr-21,6623,143585,57889,229818,0,309644,16559
22-Apr-21,6279,218976,58700,251082,1,329930,19059
23-Apr-21,11470,232855,56478,226308,0,347713,20206
24-Apr-21,7812,208156,52447,194109,0,360561,19434
25-Apr-21,6044,229682,45140,188718,0,363642,20289
26-Apr-21,5570,206679,48405,149519,0,369130,18181
27-Apr-21,5126,140424,47411,148062,0,339035,18070
28-Apr-21,5412,123325,48869,186267,12,377966,17267
29-Apr-21,5721,206319,49444,200036,0,396065,18360
30-Apr-21,5066,224004,47374,170487,0,403607,20173
01-May-21,11135,219946,44693,153355,0,417838,19967
02-May-21,4718,208413,38308,152396,0,409777,20581
03-May-21,4234,189635,41367,111593,0,386645,20127
04-May-21,4021,125025,42461,111789,0,375538,17026
05-May-21,5110,116676,43442,138101,0,402890,16022
06-May-21,10433,197113,40101,155846,0,433340,16031
07-May-21,6746,197931,41907,136882,0,436099,17560
08-May-21,6076,204772,38918,124613,0,421856,20094
09-May-21,5570,206224,32657,128467,0,423829,20212
10-May-21,4735,172093,34394,92869,0,387306,20236
11-May-21,3798,128861,37798,92357,0,351655,18719
12-May-21,7361,106377,38355,100415,0,369557,16582
13-May-21,6024,184707,34998,122535,0,384945,18592
14-May-21,8696,195261,32254,103041,0,361387,20322
15-May-21,6366,203284,23140,89275,0,343466,19169
16-May-21,5357,212172,19096,92699,0,327439,19135
17-May-21,4529,175766,25464,75239,0,309274,16960
18-May-21,5105,119864,31355,72995,2,283805,17209
19-May-21,6295,124808,32485,94017,1,290306,16458
20-May-21,6619,189465,33459,98521,1,300076,18801
21-May-21,8065,206765,34385,81383,0,284069,20976
22-May-21,5830,207170,31363,86981,2,280364,20513
23-May-21,6889,198154,27207,73321,0,263138,20736
24-May-21,5681,185188,28186,55111,0,244208,15529
25-May-21,5820,126260,30764,48135,0,218751,17202
26-May-21,8549,124573,33133,58578,0,228554,18083
27-May-21,7836,182165,31605,76669,0,233142,20085
28-May-21,8284,205841,31624,78345,0,208196,21434
29-May-21,8659,197181,31549,70679,0,194726,24126
30-May-21,7839,177564,25707,60252,0,185180,22773
31-May-21,7490,180008,27407,49037,0,173554,19608
01-Jun-21,7190,124138,30296,45985,0,145560,18474
02-Jun-21,8361,112890,30439,61475,0,152224,17651
03-Jun-21,9922,202010,32287,64112,0,155099,18894
04-Jun-21,10303,212564,29796,58638,0,152150,21761
05-Jun-21,12826,199589,28475,56014,0,138877,21498
06-Jun-21,9851,159920,23508,49779,0,131201,20400
07-Jun-21,9473,165553,23310,41129,0,118765,18854
08-Jun-21,7524,123235,22918,40112,0,104940,15908
09-Jun-21,12199,120902,28285,51842,0,112293,15341
10-Jun-21,15137,154526,30647,56169,0,114128,17334
11-Jun-21,16525,200607,32948,53443,0,110562,18299
12-Jun-21,17334,196855,28985,52126,0,101961,18902
13-Jun-21,16959,187287,24701,49742,0,100656,19381
14-Jun-21,14228,173225,25873,41568,0,90012,17685
15-Jun-21,11180,113735,28931,41041,0,79502,16298
16-Jun-21,20040,119801,28000,46297,0,83579,16318
17-Jun-21,20924,177304,32039,50493,0,91575,16803
18-Jun-21,25167,199972,31244,54331,0,87271,18542
19-Jun-21,18908,178076,27841,54375,0,85166,19571
20-Jun-21,21631,191687,21619,50290,0,83572,18747
21-Jun-21,20230,164528,29707,44153,0,80202,16414
22-Jun-21,20533,114681,30886,43970,0,71861,14825
23-Jun-21,20890,103081,33055,52144,0,79685,13954
24-Jun-21,28083,177668,33449,62327,0,89408,15457
25-Jun-21,30513,217846,34454,62166,0,84804,18071
26-Jun-21,26933,182457,32027,61161,0,82301,19162
27-Jun-21,30501,179548,27610,62051,0,84983,18684
28-Jun-21,23036,155555,28940,56117,0,85421,17634
29-Jun-21,21049,107034,32343,63683,0,75373,15960
30-Jun-21,22478,111581,37108,72093,0,86965,16276
